{"DRD2_activity_IReLeaSE-PPO__baseline_reward_": [{"seed_71": [{"baseline_mean_vals": [0.496742308139801, 0.496742308139801, 0.496742308139801, 0.496742308139801, 0.496742308139801, 0.496742308139801, 0.496742308139801, 0.496742308139801, 0.496742308139801, 0.496742308139801, 0.496742308139801, 0.496742308139801, 0.496742308139801, 0.496742308139801, 0.496742308139801, 0.496742308139801, 0.496742308139801, 0.496742308139801, 0.496742308139801, 0.496742308139801, 0.496742308139801, 0.496742308139801, 0.496742308139801, 0.496742308139801, 0.496742308139801, 0.496742308139801, 0.496742308139801, 0.496742308139801, 0.496742308139801, 0.496742308139801, 0.496742308139801, 0.496742308139801, 0.496742308139801, 0.496742308139801, 0.496742308139801, 0.496742308139801, 0.496742308139801, 0.496742308139801, 0.496742308139801, 0.496742308139801, 0.496742308139801, 0.496742308139801, 0.496742308139801, 0.496742308139801, 0.496742308139801, 0.496742308139801, 0.496742308139801, 0.496742308139801, 0.496742308139801, 0.496742308139801, 0.496742308139801, 0.496742308139801, 0.496742308139801, 0.496742308139801, 0.496742308139801, 0.496742308139801, 0.496742308139801, 0.496742308139801, 0.496742308139801, 0.496742308139801, 0.496742308139801, 0.496742308139801, 0.496742308139801, 0.496742308139801, 0.496742308139801, 0.496742308139801, 0.496742308139801, 0.496742308139801, 0.496742308139801, 0.496742308139801, 0.496742308139801, 0.496742308139801, 0.496742308139801, 0.496742308139801, 0.496742308139801, 0.496742308139801, 0.496742308139801, 0.496742308139801, 0.496742308139801, 0.496742308139801, 0.496742308139801, 0.496742308139801, 0.496742308139801, 0.496742308139801, 0.496742308139801]}, {"biased_mean_vals": [0.7770687341690063, 0.7770687341690063, 0.7770687341690063, 0.7770687341690063, 0.7770687341690063, 0.7770687341690063, 0.7770687341690063, 0.7770687341690063, 0.7770687341690063, 0.7770687341690063, 0.7770687341690063, 0.7770687341690063, 0.7770687341690063, 0.7770687341690063, 0.7770687341690063, 0.7770687341690063, 0.7770687341690063, 0.7770687341690063, 0.7770687341690063, 0.7770687341690063, 0.7770687341690063, 0.7770687341690063, 0.7770687341690063, 0.7770687341690063, 0.7770687341690063, 0.7770687341690063, 0.7770687341690063, 0.7770687341690063, 0.7770687341690063, 0.7770687341690063, 0.7770687341690063, 0.7770687341690063, 0.7770687341690063, 0.7770687341690063, 0.7770687341690063, 0.7770687341690063, 0.7770687341690063, 0.7770687341690063, 0.7770687341690063, 0.7770687341690063, 0.7770687341690063, 0.7770687341690063, 0.7770687341690063, 0.7770687341690063, 0.7770687341690063, 0.7770687341690063, 0.7770687341690063, 0.7770687341690063, 0.7770687341690063, 0.7770687341690063, 0.7770687341690063, 0.7770687341690063, 0.7770687341690063, 0.7770687341690063, 0.7770687341690063, 0.7770687341690063, 0.7770687341690063, 0.7770687341690063, 0.7770687341690063, 0.7770687341690063, 0.7770687341690063, 0.7770687341690063, 0.7770687341690063, 0.7770687341690063, 0.7770687341690063, 0.7770687341690063, 0.7770687341690063, 0.7770687341690063, 0.7770687341690063, 0.7770687341690063, 0.7770687341690063, 0.7770687341690063, 0.7770687341690063, 0.7770687341690063, 0.7770687341690063, 0.7770687341690063, 0.7770687341690063, 0.7770687341690063, 0.7770687341690063, 0.7770687341690063, 0.7770687341690063, 0.7770687341690063, 0.7770687341690063, 0.7770687341690063, 0.7770687341690063]}, {"gen_mean_vals": [0.476306676864624, 0.45802783966064453, 0.48154401779174805, 0.4281027615070343, 0.48032742738723755, 0.43111249804496765, 0.4749150276184082, 0.48184242844581604, 0.45445308089256287, 0.4342677891254425, 0.49093449115753174, 0.481259286403656, 0.48329803347587585, 0.4889914095401764, 0.49217161536216736, 0.5003122687339783, 0.5062260627746582, 0.505228579044342, 0.4878619909286499, 0.47097450494766235, 0.5099186301231384, 0.45643848180770874, 0.4744298756122589, 0.5003429055213928, 0.5272796154022217, 0.550007164478302, 0.5195626616477966, 0.4910062849521637, 0.5078706741333008, 0.46040046215057373, 0.5206119418144226, 0.5427303910255432, 0.5022876262664795, 0.5102816820144653, 0.5293277502059937, 0.5375109910964966, 0.49772897362709045, 0.5241469740867615, 0.4861687421798706, 0.5242062211036682, 0.5746394395828247, 0.5128154754638672, 0.5436884760856628, 0.5463219881057739, 0.5777105093002319, 0.5602937340736389, 0.5387524366378784, 0.5931592583656311, 0.5859931707382202, 0.5797656178474426, 0.5849496126174927, 0.5570418238639832, 0.6205313205718994, 0.590678870677948, 0.5760114192962646, 0.6141539216041565, 0.5394479036331177, 0.5259320139884949, 0.5309343338012695, 0.660136878490448, 0.663074254989624, 0.689765453338623, 0.7078736424446106, 0.6149640679359436, 0.624412477016449, 0.6251852512359619, 0.684401273727417, 0.6656632423400879, 0.7152723073959351, 0.6601454615592957, 0.6335625052452087, 0.6876286268234253, 0.742601752281189, 0.6731112003326416, 0.6881045699119568, 0.732077956199646, 0.7141910791397095, 0.7296923995018005, 0.7045199275016785, 0.7322462201118469, 0.7167888283729553, 0.6963095664978027, 0.6730914115905762, 0.8701898455619812, 0.8311517834663391]}]}], "metadata": null}