{"DRD2_activity_IReLeaSE-PPO_with_irl": [{"seed_71": [{"baseline_mean_vals": [0.496742308139801, 0.496742308139801, 0.496742308139801, 0.496742308139801, 0.496742308139801, 0.496742308139801, 0.496742308139801, 0.496742308139801, 0.496742308139801, 0.496742308139801, 0.496742308139801, 0.496742308139801, 0.496742308139801, 0.496742308139801, 0.496742308139801, 0.496742308139801, 0.496742308139801, 0.496742308139801, 0.496742308139801, 0.496742308139801, 0.496742308139801, 0.496742308139801, 0.496742308139801, 0.496742308139801, 0.496742308139801, 0.496742308139801, 0.496742308139801, 0.496742308139801, 0.496742308139801, 0.496742308139801, 0.496742308139801, 0.496742308139801, 0.496742308139801, 0.496742308139801, 0.496742308139801, 0.496742308139801, 0.496742308139801, 0.496742308139801, 0.496742308139801, 0.496742308139801, 0.496742308139801, 0.496742308139801, 0.496742308139801, 0.496742308139801, 0.496742308139801, 0.496742308139801, 0.496742308139801, 0.496742308139801, 0.496742308139801, 0.496742308139801, 0.496742308139801, 0.496742308139801, 0.496742308139801, 0.496742308139801, 0.496742308139801, 0.496742308139801, 0.496742308139801, 0.496742308139801, 0.496742308139801, 0.496742308139801, 0.496742308139801, 0.496742308139801, 0.496742308139801, 0.496742308139801, 0.496742308139801, 0.496742308139801, 0.496742308139801, 0.496742308139801, 0.496742308139801, 0.496742308139801, 0.496742308139801, 0.496742308139801, 0.496742308139801, 0.496742308139801, 0.496742308139801, 0.496742308139801, 0.496742308139801, 0.496742308139801, 0.496742308139801, 0.496742308139801, 0.496742308139801, 0.496742308139801, 0.496742308139801, 0.496742308139801, 0.496742308139801, 0.496742308139801, 0.496742308139801, 0.496742308139801, 0.496742308139801, 0.496742308139801, 0.496742308139801, 0.496742308139801, 0.496742308139801, 0.496742308139801, 0.496742308139801, 0.496742308139801]}, {"biased_mean_vals": [0.7770687341690063, 0.7770687341690063, 0.7770687341690063, 0.7770687341690063, 0.7770687341690063, 0.7770687341690063, 0.7770687341690063, 0.7770687341690063, 0.7770687341690063, 0.7770687341690063, 0.7770687341690063, 0.7770687341690063, 0.7770687341690063, 0.7770687341690063, 0.7770687341690063, 0.7770687341690063, 0.7770687341690063, 0.7770687341690063, 0.7770687341690063, 0.7770687341690063, 0.7770687341690063, 0.7770687341690063, 0.7770687341690063, 0.7770687341690063, 0.7770687341690063, 0.7770687341690063, 0.7770687341690063, 0.7770687341690063, 0.7770687341690063, 0.7770687341690063, 0.7770687341690063, 0.7770687341690063, 0.7770687341690063, 0.7770687341690063, 0.7770687341690063, 0.7770687341690063, 0.7770687341690063, 0.7770687341690063, 0.7770687341690063, 0.7770687341690063, 0.7770687341690063, 0.7770687341690063, 0.7770687341690063, 0.7770687341690063, 0.7770687341690063, 0.7770687341690063, 0.7770687341690063, 0.7770687341690063, 0.7770687341690063, 0.7770687341690063, 0.7770687341690063, 0.7770687341690063, 0.7770687341690063, 0.7770687341690063, 0.7770687341690063, 0.7770687341690063, 0.7770687341690063, 0.7770687341690063, 0.7770687341690063, 0.7770687341690063, 0.7770687341690063, 0.7770687341690063, 0.7770687341690063, 0.7770687341690063, 0.7770687341690063, 0.7770687341690063, 0.7770687341690063, 0.7770687341690063, 0.7770687341690063, 0.7770687341690063, 0.7770687341690063, 0.7770687341690063, 0.7770687341690063, 0.7770687341690063, 0.7770687341690063, 0.7770687341690063, 0.7770687341690063, 0.7770687341690063, 0.7770687341690063, 0.7770687341690063, 0.7770687341690063, 0.7770687341690063, 0.7770687341690063, 0.7770687341690063, 0.7770687341690063, 0.7770687341690063, 0.7770687341690063, 0.7770687341690063, 0.7770687341690063, 0.7770687341690063, 0.7770687341690063, 0.7770687341690063, 0.7770687341690063, 0.7770687341690063, 0.7770687341690063, 0.7770687341690063]}, {"gen_mean_vals": [0.47470253705978394, 0.46312952041625977, 0.485025018453598, 0.42878565192222595, 0.48504021763801575, 0.4322643280029297, 0.47365522384643555, 0.48541706800460815, 0.4547586739063263, 0.4357242286205292, 0.4912945032119751, 0.4698047637939453, 0.47182947397232056, 0.4734870493412018, 0.47445186972618103, 0.5141060948371887, 0.5083450675010681, 0.4671291410923004, 0.4693429470062256, 0.44424015283584595, 0.46344122290611267, 0.5231744050979614, 0.48426949977874756, 0.47328028082847595, 0.4483262002468109, 0.5148685574531555, 0.4788684546947479, 0.46159178018569946, 0.46469658613204956, 0.46142733097076416, 0.47885674238204956, 0.4910382032394409, 0.5064855813980103, 0.4242666959762573, 0.48402321338653564, 0.49707555770874023, 0.45986297726631165, 0.4902542531490326, 0.5038415789604187, 0.4964640736579895, 0.4936617314815521, 0.5170263051986694, 0.49055027961730957, 0.48854607343673706, 0.516209065914154, 0.516223132610321, 0.43700698018074036, 0.5475433468818665, 0.5202385783195496, 0.5117544531822205, 0.49529018998146057, 0.5855506658554077, 0.6045863628387451, 0.5521145462989807, 0.5148786902427673, 0.4983466565608978, 0.5802358388900757, 0.5450393557548523, 0.55182945728302, 0.5720500946044922, 0.5752358436584473, 0.6014495491981506, 0.5936209559440613, 0.567387580871582, 0.5424625277519226, 0.5740629434585571, 0.5877704620361328, 0.6041083931922913, 0.6043444871902466, 0.5718868970870972, 0.592933714389801, 0.6575793623924255, 0.6614063382148743, 0.6492951512336731, 0.6813057065010071, 0.6726493835449219, 0.6155903339385986, 0.6819931864738464, 0.5896510481834412, 0.6674662232398987, 0.6301941275596619, 0.5745459794998169, 0.666832685470581, 0.7290220260620117, 0.6897926330566406, 0.6850049495697021, 0.6714756488800049, 0.7197302579879761, 0.7064929008483887, 0.7050835490226746, 0.6599115133285522, 0.6839831471443176, 0.719220757484436, 0.7244155406951904, 0.7246692180633545, 0.8728590607643127]}]}], "metadata": null}