{"JAK2_IReLeaSE-PPO__baseline_reward": [{"seed_0": [{"baseline_mean_vals": [6.371356010437012, 6.371356010437012, 6.371356010437012, 6.371356010437012, 6.371356010437012, 6.371356010437012, 6.371356010437012, 6.371356010437012, 6.371356010437012, 6.371356010437012, 6.371356010437012, 6.371356010437012, 6.371356010437012, 6.371356010437012, 6.371356010437012, 6.371356010437012, 6.371356010437012, 6.371356010437012, 6.371356010437012, 6.371356010437012, 6.371356010437012, 6.371356010437012, 6.371356010437012, 6.371356010437012, 6.371356010437012, 6.371356010437012, 6.371356010437012, 6.371356010437012, 6.371356010437012, 6.371356010437012, 6.371356010437012, 6.371356010437012, 6.371356010437012, 6.371356010437012, 6.371356010437012, 6.371356010437012, 6.371356010437012, 6.371356010437012, 6.371356010437012, 6.371356010437012, 6.371356010437012, 6.371356010437012, 6.371356010437012, 6.371356010437012, 6.371356010437012, 6.371356010437012, 6.371356010437012, 6.371356010437012, 6.371356010437012, 6.371356010437012, 6.371356010437012, 6.371356010437012, 6.371356010437012, 6.371356010437012, 6.371356010437012, 6.371356010437012, 6.371356010437012, 6.371356010437012, 6.371356010437012, 6.371356010437012, 6.371356010437012, 6.371356010437012, 6.371356010437012, 6.371356010437012, 6.371356010437012, 6.371356010437012, 6.371356010437012, 6.371356010437012, 6.371356010437012, 6.371356010437012, 6.371356010437012, 6.371356010437012, 6.371356010437012, 6.371356010437012, 6.371356010437012, 6.371356010437012, 6.371356010437012, 6.371356010437012, 6.371356010437012, 6.371356010437012, 6.371356010437012, 6.371356010437012, 6.371356010437012, 6.371356010437012, 6.371356010437012, 6.371356010437012, 6.371356010437012, 6.371356010437012, 6.371356010437012, 6.371356010437012, 6.371356010437012, 6.371356010437012, 6.371356010437012, 6.371356010437012, 6.371356010437012, 6.371356010437012, 6.371356010437012, 6.371356010437012, 6.371356010437012, 6.371356010437012]}, {"biased_mean_vals": [6.502939224243164, 6.502939224243164, 6.502939224243164, 6.502939224243164, 6.502939224243164, 6.502939224243164, 6.502939224243164, 6.502939224243164, 6.502939224243164, 6.502939224243164, 6.502939224243164, 6.502939224243164, 6.502939224243164, 6.502939224243164, 6.502939224243164, 6.502939224243164, 6.502939224243164, 6.502939224243164, 6.502939224243164, 6.502939224243164, 6.502939224243164, 6.502939224243164, 6.502939224243164, 6.502939224243164, 6.502939224243164, 6.502939224243164, 6.502939224243164, 6.502939224243164, 6.502939224243164, 6.502939224243164, 6.502939224243164, 6.502939224243164, 6.502939224243164, 6.502939224243164, 6.502939224243164, 6.502939224243164, 6.502939224243164, 6.502939224243164, 6.502939224243164, 6.502939224243164, 6.502939224243164, 6.502939224243164, 6.502939224243164, 6.502939224243164, 6.502939224243164, 6.502939224243164, 6.502939224243164, 6.502939224243164, 6.502939224243164, 6.502939224243164, 6.502939224243164, 6.502939224243164, 6.502939224243164, 6.502939224243164, 6.502939224243164, 6.502939224243164, 6.502939224243164, 6.502939224243164, 6.502939224243164, 6.502939224243164, 6.502939224243164, 6.502939224243164, 6.502939224243164, 6.502939224243164, 6.502939224243164, 6.502939224243164, 6.502939224243164, 6.502939224243164, 6.502939224243164, 6.502939224243164, 6.502939224243164, 6.502939224243164, 6.502939224243164, 6.502939224243164, 6.502939224243164, 6.502939224243164, 6.502939224243164, 6.502939224243164, 6.502939224243164, 6.502939224243164, 6.502939224243164, 6.502939224243164, 6.502939224243164, 6.502939224243164, 6.502939224243164, 6.502939224243164, 6.502939224243164, 6.502939224243164, 6.502939224243164, 6.502939224243164, 6.502939224243164, 6.502939224243164, 6.502939224243164, 6.502939224243164, 6.502939224243164, 6.502939224243164, 6.502939224243164, 6.502939224243164, 6.502939224243164, 6.502939224243164]}, {"gen_mean_vals": [6.421032905578613, 6.354022979736328, 6.358702659606934, 6.344066619873047, 6.348489284515381, 6.348634243011475, 6.39256477355957, 6.388667583465576, 6.357119560241699, 6.339703559875488, 6.324869632720947, 6.3449273109436035, 6.3552470207214355, 6.362223148345947, 6.366497993469238, 6.346516132354736, 6.3610029220581055, 6.315341949462891, 6.367922782897949, 6.336403846740723, 6.337907791137695, 6.327497959136963, 6.33112096786499, 6.359889030456543, 6.344684600830078, 6.296665668487549, 6.295425891876221, 6.322756290435791, 6.341991901397705, 6.283536434173584, 6.295856475830078, 6.355137348175049, 6.3065361976623535, 6.270772457122803, 6.321755886077881, 6.297554016113281, 6.33821964263916, 6.303944110870361, 6.323887348175049, 6.290018558502197, 6.281162738800049, 6.269908905029297, 6.31562614440918, 6.259590148925781, 6.294253349304199, 6.295192241668701, 6.281954765319824, 6.2763671875, 6.3101420402526855, 6.361323356628418, 6.317392349243164, 6.360050678253174, 6.301074504852295, 6.309094429016113, 6.3291544914245605, 6.302018165588379, 6.376656532287598, 6.276387691497803, 6.275625228881836, 6.303610801696777, 6.3223652839660645, 6.30022668838501, 6.319172382354736, 6.305762767791748, 6.346332550048828, 6.324186325073242, 6.281393527984619, 6.3089823722839355, 6.325597286224365, 6.278024673461914, 6.318711280822754, 6.28342342376709, 6.311295032501221, 6.3084845542907715, 6.319379806518555, 6.272968769073486, 6.321220874786377, 6.325640678405762, 6.345163345336914, 6.286025524139404, 6.280531406402588, 6.263947486877441, 6.2891340255737305, 6.28436279296875, 6.268942832946777, 6.315528869628906, 6.284964084625244, 6.288992404937744, 6.319098949432373, 6.264239311218262, 6.279905319213867, 6.251032829284668, 6.273471355438232, 6.256704330444336, 6.295561790466309, 6.297671794891357, 6.23674201965332, 6.269556045532227, 6.265318393707275, 6.248323440551758]}]}], "metadata": null}