{"JAK2_max_IReLeaSE-PPO_with_irl": [{"seed_0": [{"baseline_mean_vals": [6.371356010437012, 6.371356010437012, 6.371356010437012, 6.371356010437012, 6.371356010437012, 6.371356010437012, 6.371356010437012, 6.371356010437012, 6.371356010437012, 6.371356010437012, 6.371356010437012, 6.371356010437012, 6.371356010437012, 6.371356010437012, 6.371356010437012, 6.371356010437012, 6.371356010437012, 6.371356010437012, 6.371356010437012, 6.371356010437012, 6.371356010437012, 6.371356010437012, 6.371356010437012, 6.371356010437012, 6.371356010437012, 6.371356010437012, 6.371356010437012, 6.371356010437012, 6.371356010437012, 6.371356010437012, 6.371356010437012, 6.371356010437012, 6.371356010437012, 6.371356010437012, 6.371356010437012, 6.371356010437012, 6.371356010437012, 6.371356010437012, 6.371356010437012, 6.371356010437012, 6.371356010437012, 6.371356010437012, 6.371356010437012, 6.371356010437012, 6.371356010437012, 6.371356010437012, 6.371356010437012, 6.371356010437012, 6.371356010437012, 6.371356010437012, 6.371356010437012, 6.371356010437012, 6.371356010437012, 6.371356010437012, 6.371356010437012, 6.371356010437012, 6.371356010437012, 6.371356010437012, 6.371356010437012, 6.371356010437012, 6.371356010437012, 6.371356010437012, 6.371356010437012, 6.371356010437012, 6.371356010437012, 6.371356010437012]}, {"biased_mean_vals": [6.502939224243164, 6.502939224243164, 6.502939224243164, 6.502939224243164, 6.502939224243164, 6.502939224243164, 6.502939224243164, 6.502939224243164, 6.502939224243164, 6.502939224243164, 6.502939224243164, 6.502939224243164, 6.502939224243164, 6.502939224243164, 6.502939224243164, 6.502939224243164, 6.502939224243164, 6.502939224243164, 6.502939224243164, 6.502939224243164, 6.502939224243164, 6.502939224243164, 6.502939224243164, 6.502939224243164, 6.502939224243164, 6.502939224243164, 6.502939224243164, 6.502939224243164, 6.502939224243164, 6.502939224243164, 6.502939224243164, 6.502939224243164, 6.502939224243164, 6.502939224243164, 6.502939224243164, 6.502939224243164, 6.502939224243164, 6.502939224243164, 6.502939224243164, 6.502939224243164, 6.502939224243164, 6.502939224243164, 6.502939224243164, 6.502939224243164, 6.502939224243164, 6.502939224243164, 6.502939224243164, 6.502939224243164, 6.502939224243164, 6.502939224243164, 6.502939224243164, 6.502939224243164, 6.502939224243164, 6.502939224243164, 6.502939224243164, 6.502939224243164, 6.502939224243164, 6.502939224243164, 6.502939224243164, 6.502939224243164, 6.502939224243164, 6.502939224243164, 6.502939224243164, 6.502939224243164, 6.502939224243164, 6.502939224243164]}, {"gen_mean_vals": [6.421032905578613, 6.354022979736328, 6.358702659606934, 6.344066619873047, 6.348489284515381, 6.348634243011475, 6.39256477355957, 6.388667583465576, 6.357119560241699, 6.341362476348877, 6.308588981628418, 6.301938056945801, 6.31533145904541, 6.398453235626221, 6.370709419250488, 6.372803688049316, 6.342625617980957, 6.408630847930908, 6.350826740264893, 6.459756851196289, 6.455958366394043, 6.4121294021606445, 6.3771820068359375, 6.465508460998535, 6.461073875427246, 6.470027923583984, 6.425994873046875, 6.437424182891846, 6.418455600738525, 6.429505825042725, 6.386432647705078, 6.471778869628906, 6.411448001861572, 6.440557479858398, 6.436490058898926, 6.443181037902832, 6.427735805511475, 6.371402263641357, 6.45106840133667, 6.462916374206543, 6.509706020355225, 6.4129838943481445, 6.39369010925293, 6.480067253112793, 6.473878383636475, 6.436195373535156, 6.409636497497559, 6.431286334991455, 6.439607620239258, 6.370609760284424, 6.445023536682129, 6.462889194488525, 6.455718517303467, 6.4034271240234375, 6.454855918884277, 6.423101425170898, 6.517305850982666, 6.465704917907715, 6.459596157073975, 6.511714458465576, 6.489346504211426, 6.454456329345703, 6.434088230133057, 6.488231658935547, 6.481595039367676, 6.550994873046875]}]}], "metadata": null}