{"RNN_XEnt_Generator_Baseline_jak2_min": [{"seed_12": [{"train_loss": []}, {"baseline_mean_vals": [6.362828731536865, 6.362828731536865, 6.362828731536865, 6.362828731536865, 6.362828731536865, 6.362828731536865, 6.362828731536865, 6.362828731536865, 6.362828731536865, 6.362828731536865, 6.362828731536865, 6.362828731536865, 6.362828731536865, 6.362828731536865, 6.362828731536865, 6.362828731536865, 6.362828731536865, 6.362828731536865, 6.362828731536865, 6.362828731536865, 6.362828731536865, 6.362828731536865, 6.362828731536865, 6.362828731536865, 6.362828731536865, 6.362828731536865, 6.362828731536865, 6.362828731536865, 6.362828731536865, 6.362828731536865, 6.362828731536865, 6.362828731536865, 6.362828731536865, 6.362828731536865, 6.362828731536865, 6.362828731536865, 6.362828731536865, 6.362828731536865, 6.362828731536865, 6.362828731536865, 6.362828731536865, 6.362828731536865, 6.362828731536865, 6.362828731536865, 6.362828731536865, 6.362828731536865, 6.362828731536865, 6.362828731536865, 6.362828731536865, 6.362828731536865, 6.362828731536865, 6.362828731536865, 6.362828731536865, 6.362828731536865, 6.362828731536865, 6.362828731536865, 6.362828731536865, 6.362828731536865, 6.362828731536865, 6.362828731536865]}, {"biased_mean_vals": [5.754868030548096, 5.754868030548096, 5.754868030548096, 5.754868030548096, 5.754868030548096, 5.754868030548096, 5.754868030548096, 5.754868030548096, 5.754868030548096, 5.754868030548096, 5.754868030548096, 5.754868030548096, 5.754868030548096, 5.754868030548096, 5.754868030548096, 5.754868030548096, 5.754868030548096, 5.754868030548096, 5.754868030548096, 5.754868030548096, 5.754868030548096, 5.754868030548096, 5.754868030548096, 5.754868030548096, 5.754868030548096, 5.754868030548096, 5.754868030548096, 5.754868030548096, 5.754868030548096, 5.754868030548096, 5.754868030548096, 5.754868030548096, 5.754868030548096, 5.754868030548096, 5.754868030548096, 5.754868030548096, 5.754868030548096, 5.754868030548096, 5.754868030548096, 5.754868030548096, 5.754868030548096, 5.754868030548096, 5.754868030548096, 5.754868030548096, 5.754868030548096, 5.754868030548096, 5.754868030548096, 5.754868030548096, 5.754868030548096, 5.754868030548096, 5.754868030548096, 5.754868030548096, 5.754868030548096, 5.754868030548096, 5.754868030548096, 5.754868030548096, 5.754868030548096, 5.754868030548096, 5.754868030548096, 5.754868030548096]}, {"gen_mean_vals": [6.764164924621582, 6.745800495147705, 6.690460205078125, 6.727216720581055, 6.735336780548096, 6.772770881652832, 6.811749458312988, 6.831761360168457, 6.873329162597656, 6.823533058166504, 6.810801029205322, 6.767524242401123, 6.657331466674805, 6.725467681884766, 6.772444725036621, 6.691208839416504, 6.685978889465332, 6.417230606079102, 6.754904747009277, 6.400200366973877, 6.206286907196045, 6.5490522384643555, 6.239243030548096, 6.265683174133301, 6.155055999755859, 6.321596145629883, 6.341437816619873, 6.372910976409912, 6.353641510009766, 6.317558288574219, 6.417988300323486, 6.4126482009887695, 6.606259346008301, 6.565432071685791, 6.4241228103637695, 6.513182640075684, 6.465970993041992, 6.4594807624816895, 6.509035587310791, 6.269453048706055, 6.271467685699463, 6.289493083953857, 6.557239532470703, 6.261839866638184, 6.484494209289551, 6.489748954772949, 6.232584476470947, 6.0522589683532715, 6.587345123291016, 6.1313276290893555, 6.576174736022949, 6.577885150909424, 6.624695777893066, 6.668689250946045, 6.5600128173828125, 6.546861171722412, 6.625619888305664, 6.551045894622803, 6.537948131561279, 6.3428144454956055]}]}], "metadata": null}